date,musica,artista,plataforma,url,view_count,like_count,comment_count,video_id,youtube_title,channel_title,fetched_at
2026-02-06,Flow Natalino 2,Lil Chainz,YouTube,https://www.youtube.com/watch?v=-10tNo8JHrQ,1432104,40577,2331,-10tNo8JHrQ,"Lil Chainz, Akashi Cruz, Fuub, $nif, LinoMC, MHRAP & NOG - Flow Natalino 2 🎄",Lil Chainz,2026-02-06T02:59:51.174224+00:00
2026-02-06,Intacto,Lil Chainz,YouTube,https://www.youtube.com/watch?v=0Hz3ZYNIfg8,1025035,30103,479,0Hz3ZYNIfg8,"Lil Chainz, Akashi Cruz & LYLO - Intacto",Lil Chainz,2026-02-06T02:59:57.877935+00:00
2026-02-06,Por todas as vezes,Lil Chainz,YouTube,https://www.youtube.com/watch?v=0pyqM9VM504,256050,8203,751,0pyqM9VM504,Lil Chainz - Por todas as vezes,Lil Chainz,2026-02-06T02:59:52.113748+00:00
2026-02-06,Não vou falar de amor,Lil Chainz,YouTube,https://www.youtube.com/watch?v=0sfMUKzt9Mo,9463117,213927,5189,0sfMUKzt9Mo,Lil Chainz x Hiosaki - Não vou falar de amor (Prod. Pdr0sa),Lil Chainz,2026-02-06T03:00:03.723468+00:00
2026-02-06,Lembra daquele dia?,Lil Chainz,YouTube Music,https://www.youtube.com/watch?v=1zJAKsPXMAM,23252,339,7,1zJAKsPXMAM,Lembra daquele dia?,SNIF - Topic,2026-02-06T03:00:07.027557+00:00
2026-02-06,GRAV FM,Lil Chainz,YouTube,https://www.youtube.com/watch?v=2mtDO_XS9G4,238590,8796,369,2mtDO_XS9G4,"Lil Chainz, Akashi Cruz, SNIF & Fuub - GRAV FM (Visualizer)",Lil Chainz,2026-02-06T02:59:51.018730+00:00
2026-02-06,Cada um pro seu lado,Lil Chainz,YouTube,https://www.youtube.com/watch?v=2zQOnmXnxVo,1545508,70869,1217,2zQOnmXnxVo,Lil Chainz - Cada um pro seu lado,Lil Chainz,2026-02-06T03:00:03.880627+00:00
2026-02-06,Apaixonadin,Lil Chainz,YouTube,https://www.youtube.com/watch?v=3GSuJJr5OSQ,530532,23808,930,3GSuJJr5OSQ,Lil Chainz - Apaixonadin,Lil Chainz,2026-02-06T03:00:01.646768+00:00
2026-02-06,Capital Girando 2,Lil Chainz,YouTube,https://www.youtube.com/watch?v=3mpJ6EUbsFk,180029,7286,205,3mpJ6EUbsFk,Lil Chainz & Mikezin - Capital Girando 2 💰 (Prod. TcheloBeats),Lil Chainz,2026-02-06T02:59:54.444696+00:00
2026-02-06,Diário das minhas lamentações,Lil Chainz,YouTube,https://www.youtube.com/watch?v=4MuwKmcyA9g,206525,14665,359,4MuwKmcyA9g,Lil Chainz x VMZ x Zant - Diário das minhas lamentações (Prod. Masuk),Lil Chainz,2026-02-06T03:00:02.004067+00:00
2026-02-06,Não sei se eu vou,Lil Chainz,YouTube Music,https://www.youtube.com/watch?v=4ZJZFJy47uY,6662,147,3,4ZJZFJy47uY,Não sei se eu vou,SNIF - Topic,2026-02-06T03:00:06.368742+00:00
2026-02-06,Faz calor,Lil Chainz,YouTube,https://www.youtube.com/watch?v=4xGzTbIxZNc,1071045,43508,1230,4xGzTbIxZNc,Lil Chainz x MHRAP - Faz calor 🏖 (Prod. Jonis),Lil Chainz,2026-02-06T03:00:00.344726+00:00
2026-02-06,Lembranças daquele verão (Interlúdio),Lil Chainz,YouTube Music,https://www.youtube.com/watch?v=53EqZmxLHXA,9972,253,20,53EqZmxLHXA,Lembranças daquele verão (Interlúdio),Lil Chainz - Topic,2026-02-06T03:00:08.285375+00:00
2026-02-06,Preciso melhorar tanto em mim,Lil Chainz,YouTube,https://www.youtube.com/watch?v=5ibm_6EEdXg,155475,6137,239,5ibm_6EEdXg,Lil Chainz - Preciso melhorar tanto em mim,Lil Chainz,2026-02-06T02:59:51.955833+00:00
2026-02-06,Música pra quem partiu,Lil Chainz,YouTube,https://www.youtube.com/watch?v=6FjQioSdIi0,233440,12333,475,6FjQioSdIi0,Lil Chainz - Música pra quem partiu (Official Video),Lil Chainz,2026-02-06T03:00:02.522560+00:00
2026-02-06,Drink Azul,Lil Chainz,YouTube,https://www.youtube.com/watch?v=7JuovgF3yYI,6721419,148749,3704,7JuovgF3yYI,Lil Chainz x VMZ x MHRAP - Drink Azul 🏝 (Prod. Jonis),Lil Chainz,2026-02-06T03:00:00.935290+00:00
2026-02-06,BLACKPINK,Lil Chainz,YouTube,https://www.youtube.com/watch?v=8A8Rssqty34,316724,10792,170,8A8Rssqty34,Lil Chainz & Akashi Cruz - BLACKPINK,Lil Chainz,2026-02-06T02:59:55.181080+00:00
2026-02-06,AMERICAN PIE,Lil Chainz,YouTube,https://www.youtube.com/watch?v=8a-Z2i5b114,1050803,16900,283,8a-Z2i5b114,"Lil Chainz, Akashi Cruz & Skiter - AMERICAN PIE",Lil Chainz,2026-02-06T02:59:55.338825+00:00
2026-02-06,Musa de cinema,Lil Chainz,YouTube,https://www.youtube.com/watch?v=8hy3nl7Gw0Q,146609,7491,193,8hy3nl7Gw0Q,Lil Chainz x Lucas Siqueira - Musa de cinema (prod: Jonis),Lil Chainz,2026-02-06T03:00:03.355695+00:00
2026-02-06,Jacaré de estimação,Lil Chainz,YouTube,https://www.youtube.com/watch?v=92FsFq5qCD4,1043180,44147,830,92FsFq5qCD4,Lil Chainz x Mikezin - Jacaré de estimação 🐊 (Prod. Jonis),Lil Chainz,2026-02-06T02:59:59.818348+00:00
2026-02-06,Você me iludiu,Lil Chainz,YouTube Music,https://www.youtube.com/watch?v=9LmZu_6tvU4,41086,856,14,9LmZu_6tvU4,Você me iludiu,SNIF - Topic,2026-02-06T03:00:05.134959+00:00
2026-02-06,TEMPORADA DE CAÇA,Lil Chainz,YouTube,https://www.youtube.com/watch?v=9cBGa3VxVW4,33661,2472,76,9cBGa3VxVW4,Lil Chainz - TEMPORADA DE CAÇA,Lil Chainz,2026-02-06T02:59:53.322428+00:00
2026-02-06,JERSEY CLUB,Lil Chainz,YouTube,https://www.youtube.com/watch?v=9egGK1E8SyA,1222496,27475,524,9egGK1E8SyA,Lil Chainz & Akashi Cruz - JERSEY CLUB,Lil Chainz,2026-02-06T02:59:55.771324+00:00
2026-02-06,Quando você vai entender,Lil Chainz,YouTube,https://www.youtube.com/watch?v=AMzu6vgqMmA,269097,16655,546,AMzu6vgqMmA,Lil Chainz - Quando você vai entender,Lil Chainz,2026-02-06T03:00:02.681273+00:00
2026-02-06,Party,Lil Chainz,YouTube,https://www.youtube.com/watch?v=CJwayUDEpBE,328947,13947,201,CJwayUDEpBE,Lil Chainz x Mikezin x Aimar - Party (Prod. Greezy),Lil Chainz,2026-02-06T02:59:59.088778+00:00
2026-02-06,Saudade,Lil Chainz,YouTube,https://www.youtube.com/watch?v=Csh4Yf_gD4M,133210,4304,146,Csh4Yf_gD4M,Lil Chainz - Saudade,Lil Chainz,2026-02-06T02:59:48.890272+00:00
2026-02-06,Eu te fiz sofrer,Lil Chainz,YouTube,https://www.youtube.com/watch?v=D9Fsa2XPa3A,923946,33351,790,D9Fsa2XPa3A,Lil Chainz - Eu te fiz sofrer,Lil Chainz,2026-02-06T03:00:01.803762+00:00
2026-02-06,Não sei o que você viu em mim,Lil Chainz,YouTube,https://www.youtube.com/watch?v=F23bMH1LJ9E,1117472,37268,1005,F23bMH1LJ9E,Lil Chainz - Não sei o que você viu em mim,Lil Chainz,2026-02-06T03:00:01.485057+00:00
2026-02-06,CAÇA ÀS BRUXAS,Lil Chainz,YouTube,https://www.youtube.com/watch?v=GKiapoYZtxs,160422,8368,368,GKiapoYZtxs,Lil Chainz & Ugovhb - CAÇA ÀS BRUXAS (Videoclipe),Lil Chainz,2026-02-06T02:59:53.705655+00:00
2026-02-06,FAÇO ACONTECER,Lil Chainz,YouTube,https://www.youtube.com/watch?v=GPKcW_QJ5BA,1163286,22770,468,GPKcW_QJ5BA,"Lil Chainz, Akashi Cruz & MHRAP - FAÇO ACONTECER",Lil Chainz,2026-02-06T02:59:54.656364+00:00
2026-02-06,MULTIPLICA,Lil Chainz,YouTube,https://www.youtube.com/watch?v=I4jx6EAj2Ig,115001,5890,224,I4jx6EAj2Ig,"Lil Chainz, Akashi Cruz & Ark King - MULTIPLICA",Lil Chainz,2026-02-06T02:59:52.800775+00:00
2026-02-06,HARDMODE!,Lil Chainz,YouTube,https://www.youtube.com/watch?v=I5yyRqfq1xI,29700,2260,65,I5yyRqfq1xI,Lil Chainz - HARDMODE!,Lil Chainz,2026-02-06T02:59:53.003145+00:00
2026-02-06,Rei dos Piratas,Lil Chainz,YouTube,https://www.youtube.com/watch?v=INy_AgVIaKU,721147,30305,838,INy_AgVIaKU,Lil Chainz - Rei dos Piratas 🏴‍☠️,Lil Chainz,2026-02-06T02:59:57.724535+00:00
2026-02-06,Jogo de Azar,Lil Chainz,YouTube,https://www.youtube.com/watch?v=IzXi9Qj7vvc,104013,4740,194,IzXi9Qj7vvc,Lil Chainz & Fontes - Jogo de Azar,Lil Chainz,2026-02-06T02:59:52.267273+00:00
2026-02-06,Daqui de Cima,Lil Chainz,YouTube,https://www.youtube.com/watch?v=J2XjuSUsIoQ,416631,13209,1365,J2XjuSUsIoQ,"Lil Chainz, Akashi Cruz, Fuub & SNIF - Daqui de Cima",Lil Chainz,2026-02-06T02:59:51.579654+00:00
2026-02-06,Mais uma música pra ela,Lil Chainz,YouTube Music,https://www.youtube.com/watch?v=K9F04tmXGt8,10980,339,12,K9F04tmXGt8,Mais uma música pra ela,Lil Chainz - Topic,2026-02-06T03:00:08.596525+00:00
2026-02-06,Amar é deixar ir,Lil Chainz,YouTube,https://www.youtube.com/watch?v=KMd-lWH2e48,359893,9817,266,KMd-lWH2e48,Lil Chainz - Amar é deixar ir,Lil Chainz,2026-02-06T02:59:49.233119+00:00
2026-02-06,Play Station,Lil Chainz,YouTube,https://www.youtube.com/watch?v=KWSHt-O-F6E,134595,6055,157,KWSHt-O-F6E,"Lil Chainz, Akashi Cruz, Fuub & SNIF - Play Station",Lil Chainz,2026-02-06T02:59:48.689262+00:00
2026-02-06,Quadrada,Lil Chainz,YouTube,https://www.youtube.com/watch?v=KwAhqicgAe4,32806,2235,65,KwAhqicgAe4,Lil Chainz - Quadrada (ft. Akashi Cruz) | EP Esperança do Meu Bairro,Lil Chainz,2026-02-06T02:59:50.607620+00:00
2026-02-06,Líder da Toman,Lil Chainz,YouTube,https://www.youtube.com/watch?v=LmqjL7f8I5c,2025867,60862,1345,LmqjL7f8I5c,Lil Chainz x AniRap - Líder da Toman,Lil Chainz,2026-02-06T02:59:58.565607+00:00
2026-02-06,Abracadabra,Lil Chainz,YouTube,https://www.youtube.com/watch?v=MdpIQa8x-rI,1476103,35186,867,MdpIQa8x-rI,"Lil Chainz, VMZ & MHRAP - Abracadabra 🧙‍♂️ (Prod. TcheloBeats)",Lil Chainz,2026-02-06T02:59:56.828956+00:00
2026-02-06,JACKIE CHAN,Lil Chainz,YouTube,https://www.youtube.com/watch?v=MjT3Qu63z_Y,844975,26951,526,MjT3Qu63z_Y,Lil Chainz & Akashi Cruz - JACKIE CHAN 🐉,Lil Chainz,2026-02-06T02:59:56.982559+00:00
2026-02-06,Você só quer biscoitar,Lil Chainz,YouTube Music,https://www.youtube.com/watch?v=MkHMDrtYgsI,7940,135,2,MkHMDrtYgsI,Você só quer biscoitar,SNIF - Topic,2026-02-06T03:00:06.190930+00:00
2026-02-06,Esperança do meu Bairro,Lil Chainz,YouTube,https://www.youtube.com/watch?v=MkkF44budfc,20642,1864,76,MkkF44budfc,Lil Chainz - Esperança do meu Bairro | EP Esperança do Meu Bairro,Lil Chainz,2026-02-06T02:59:50.769392+00:00
2026-02-06,Cascavel,Lil Chainz,YouTube,https://www.youtube.com/watch?v=NoR64RuFRYM,517749,19761,466,NoR64RuFRYM,Lil Chainz & MHRAP - Cascavel 🐍,Lil Chainz,2026-02-06T02:59:56.328373+00:00
2026-02-06,Sinto sua falta,Lil Chainz,YouTube,https://www.youtube.com/watch?v=OE5b5vo79zw,680147,27152,1121,OE5b5vo79zw,Lil Chainz - Sinto sua falta,Lil Chainz,2026-02-06T03:00:01.095635+00:00
2026-02-06,Apunhalado,Lil Chainz,YouTube,https://www.youtube.com/watch?v=OS9a7DOYIHs,106351,5276,212,OS9a7DOYIHs,Lil Chainz & Akashi Cruz - Apunhalado,Lil Chainz,2026-02-06T02:59:49.489641+00:00
2026-02-06,Não temas,Lil Chainz,YouTube,https://www.youtube.com/watch?v=OSlVb4LrS0w,57313,2022,55,OSlVb4LrS0w,Lil Chainz & ZakcZin - Não temas,Lil Chainz,2026-02-06T02:59:48.365819+00:00
2026-02-06,PACMAN,Lil Chainz,YouTube,https://www.youtube.com/watch?v=P6yg7n4NI7A,2008090,35466,766,P6yg7n4NI7A,"Lil Chainz, Aklipe44 & Akashi Cruz - PACMAN",Lil Chainz,2026-02-06T02:59:56.151496+00:00
2026-02-06,Ligação,Lil Chainz,YouTube,https://www.youtube.com/watch?v=PIYKnfisnAY,35477,1684,52,PIYKnfisnAY,Lil Chainz - Ligação (ft. Oushan) | EP Esperança do Meu Bairro,Lil Chainz,2026-02-06T02:59:50.198592+00:00
2026-02-06,BEM-VINDO AO HARDMODE (INTRO),Lil Chainz,YouTube,https://www.youtube.com/watch?v=PtiU1UQtT3w,16451,1989,99,PtiU1UQtT3w,Lil Chainz - BEM-VINDO AO HARDMODE (INTRO),Lil Chainz,2026-02-06T02:59:53.528280+00:00
2026-02-06,Amigo Talarico,Lil Chainz,YouTube,https://www.youtube.com/watch?v=Q5X1fFnRmYE,972922,42405,1302,Q5X1fFnRmYE,Lil Chainz - Amigo Talarico 😵🔫,Lil Chainz,2026-02-06T03:00:00.163121+00:00
2026-02-06,CORAÇÃO VAZIO,Lil Chainz,YouTube,https://www.youtube.com/watch?v=QOWGDfFhukc,116044,8205,210,QOWGDfFhukc,Lil Chainz - CORAÇÃO VAZIO 💔,Lil Chainz,2026-02-06T02:59:54.282442+00:00
2026-02-06,Quando você passa,Lil Chainz,YouTube Music,https://www.youtube.com/watch?v=R824YQ9Ut8s,62085,1440,17,R824YQ9Ut8s,Quando você passa,Lil Chainz - Topic,2026-02-06T03:00:07.556961+00:00
2026-02-06,Desse jeito não vai dar,Lil Chainz,YouTube Music,https://www.youtube.com/watch?v=S67tHQVRZ-Q,30019,651,16,S67tHQVRZ-Q,Desse jeito não vai dar,Lil Chainz - Topic,2026-02-06T03:00:07.922159+00:00
2026-02-06,Drink Azul 2,Lil Chainz,YouTube,https://www.youtube.com/watch?v=S8fJk9pne8Y,555832,19461,1054,S8fJk9pne8Y,Lil Chainz x VMZ x MHRAP - Drink Azul 2 🏝 (Prod. TcheloBeats),Lil Chainz,2026-02-06T02:59:53.858820+00:00
2026-02-06,Saiyajin,Lil Chainz,YouTube,https://www.youtube.com/watch?v=Scy_26tv3nA,620593,27701,671,Scy_26tv3nA,Lil Chainz x M4rkim - Saiyajin,Lil Chainz,2026-02-06T02:59:58.246953+00:00
2026-02-06,Ninho de Cobra,Lil Chainz,YouTube,https://www.youtube.com/watch?v=SntbHzpIwoE,126692,4769,415,SntbHzpIwoE,"Lil Chainz, Akashi Cruz & SNIF - Ninho de Cobra",Lil Chainz,2026-02-06T02:59:51.338172+00:00
2026-02-06,Tipo Billie Jean,Lil Chainz,YouTube,https://www.youtube.com/watch?v=U5Hai_K8BUA,803348,27201,491,U5Hai_K8BUA,Lil Chainz x Mikezin x MHRAP - Tipo Billie Jean (Prod. Jonis),Lil Chainz,2026-02-06T02:59:58.933343+00:00
2026-02-06,Flow Mexicano,Lil Chainz,YouTube,https://www.youtube.com/watch?v=UGJZP0Stwe4,3506622,66005,1326,UGJZP0Stwe4,"Lil Chainz, ÉoDan, Akashi Cruz, Mikezin & MHRAP - Flow Mexicano 🇲🇽",Lil Chainz,2026-02-06T02:59:57.198466+00:00
2026-02-06,LSD,Lil Chainz,YouTube,https://www.youtube.com/watch?v=UIVEv-UGdWs,1277958,22929,530,UIVEv-UGdWs,"Lil Chainz, Akashi Cruz & VMZ - LSD",Lil Chainz,2026-02-06T02:59:54.814744+00:00
2026-02-06,Flow Natalino,Lil Chainz,YouTube,https://www.youtube.com/watch?v=V32yj6mmV24,538993,35588,1182,V32yj6mmV24,"Lil Chainz, Lil Fuub, MHRAP, Aklipe44 & LinoMC - Flow Natalino 🎄",Lil Chainz,2026-02-06T02:59:54.125091+00:00
2026-02-06,Como esquecer ela?,Lil Chainz,YouTube Music,https://www.youtube.com/watch?v=VLoTlZEEfKU,26897,607,13,VLoTlZEEfKU,Como esquecer ela?,Lil Chainz - Topic,2026-02-06T03:00:07.764326+00:00
2026-02-06,Pacto de Rua,Lil Chainz,YouTube,https://www.youtube.com/watch?v=XfrxqyOBtTM,28026,1538,44,XfrxqyOBtTM,Lil Chainz - Pacto de Rua (ft. REAL PS) | EP Esperança do Meu Bairro,Lil Chainz,2026-02-06T02:59:50.045891+00:00
2026-02-06,Dores de um astro,Lil Chainz,YouTube,https://www.youtube.com/watch?v=YCh-UB9B9XU,92232,2451,61,YCh-UB9B9XU,Lil Chainz & ZackZin - Dores de um astro,Lil Chainz,2026-02-06T02:59:48.169619+00:00
2026-02-06,Você tem muito ego,Lil Chainz,YouTube Music,https://www.youtube.com/watch?v=YWYqcrH5tr4,6044,183,4,YWYqcrH5tr4,Você tem muito ego,SNIF - Topic,2026-02-06T03:00:05.788411+00:00
2026-02-06,Tropa do Enguiça,Lil Chainz,YouTube,https://www.youtube.com/watch?v=YbQig7aKe9I,840380,29488,604,YbQig7aKe9I,Lil Chainz x Mikezin x MHRAP - Tropa do Enguiça (Prod. Jonis),Lil Chainz,2026-02-06T02:59:58.405115+00:00
2026-02-06,Cilada,Lil Chainz,YouTube,https://www.youtube.com/watch?v=YdXXVlN84ok,561000,19149,363,YdXXVlN84ok,Lil Chainz x Mikezin - Cilada (Prod. Greezy),Lil Chainz,2026-02-06T02:59:59.295789+00:00
2026-02-06,Não precisa pedir perdão,Lil Chainz,YouTube Music,https://www.youtube.com/watch?v=Ym9WAh5Dnyg,19180,610,15,Ym9WAh5Dnyg,Não precisa pedir perdão,SNIF - Topic,2026-02-06T03:00:05.303555+00:00
2026-02-06,Fiz essa pra você lembrar de mim,Lil Chainz,YouTube,https://www.youtube.com/watch?v=_0hwPO2SxS4,4777897,91442,1906,_0hwPO2SxS4,Lil Chainz x VMZ - Fiz essa pra você lembrar de mim,Lil Chainz,2026-02-06T03:00:02.332878+00:00
2026-02-06,CAÇA ÀS BRUXAS,Lil Chainz,YouTube,https://www.youtube.com/watch?v=_8Ov5Dtsu9U,15809,2084,73,_8Ov5Dtsu9U,Lil Chainz & Ugovhb - CAÇA ÀS BRUXAS,Lil Chainz,2026-02-06T02:59:53.158855+00:00
2026-02-06,Red flags de uma garota,Lil Chainz,YouTube,https://www.youtube.com/watch?v=bTPS2htSO00,258056,7133,187,bTPS2htSO00,Lil Chainz & ZackZin - Red flags de uma garota,Lil Chainz,2026-02-06T02:59:47.845888+00:00
2026-02-06,Odeio finais,Lil Chainz,YouTube,https://www.youtube.com/watch?v=bb8k3H4VSi0,124438,3422,61,bb8k3H4VSi0,Lil Chainz & ZackZin - Odeio finais,Lil Chainz,2026-02-06T02:59:48.005734+00:00
2026-02-06,Te bloqueei de tudo,Lil Chainz,YouTube Music,https://www.youtube.com/watch?v=eHV7ZO73Wa8,10698,235,6,eHV7ZO73Wa8,Te bloqueei de tudo,SNIF - Topic,2026-02-06T03:00:06.531101+00:00
2026-02-06,FORBES,Lil Chainz,YouTube,https://www.youtube.com/watch?v=eruktG17X70,1043498,20600,374,eruktG17X70,Lil Chainz & Fuub - FORBES 💰,Lil Chainz,2026-02-06T02:59:55.930959+00:00
2026-02-06,Amar quase me matou,Lil Chainz,YouTube Music,https://www.youtube.com/watch?v=fBu8-HHu-Ho,14002,364,5,fBu8-HHu-Ho,Amar quase me matou,SNIF - Topic,2026-02-06T03:00:07.240735+00:00
2026-02-06,Se arrependeu de vacilar comigo?,Lil Chainz,YouTube Music,https://www.youtube.com/watch?v=fL4-ZIIUIik,35021,800,8,fL4-ZIIUIik,Se arrependeu de vacilar comigo?,SNIF - Topic,2026-02-06T03:00:05.489774+00:00
2026-02-06,Holofotes,Lil Chainz,YouTube,https://www.youtube.com/watch?v=fxKHRSgIOkk,626738,26999,779,fxKHRSgIOkk,Lil Chainz x Mikezin x VMZ - Holofotes (Prod. Jonis),Lil Chainz,2026-02-06T02:59:59.454822+00:00
2026-02-06,QUEM FAZ A ONDA?,Lil Chainz,YouTube,https://www.youtube.com/watch?v=g2dlycgAbec,87761,3959,155,g2dlycgAbec,Lil Chainz - QUEM FAZ A ONDA?,Lil Chainz,2026-02-06T02:59:52.647079+00:00
2026-02-06,Eu ainda tô aqui,Lil Chainz,YouTube,https://www.youtube.com/watch?v=gGFnwAw_vnU,376956,21301,867,gGFnwAw_vnU,"Lil Chainz, Bruna Schultz - Eu ainda tô aqui",Lil Chainz,2026-02-06T03:00:01.290039+00:00
2026-02-06,Amiga da Onça,Lil Chainz,YouTube,https://www.youtube.com/watch?v=gYD8GuntAYM,1358259,45067,1223,gYD8GuntAYM,Lil Chainz - Amiga da Onça 🐆,Lil Chainz,2026-02-06T03:00:00.691577+00:00
2026-02-06,Amar é mó bom,Lil Chainz,YouTube Music,https://www.youtube.com/watch?v=gmR49GCKWEI,14361,291,3,gmR49GCKWEI,Amar é mó bom,SNIF - Topic,2026-02-06T03:00:05.952029+00:00
2026-02-06,Low profile,Lil Chainz,YouTube Music,https://www.youtube.com/watch?v=i7z9gSVAwKc,17809,302,6,i7z9gSVAwKc,Low profile,SNIF - Topic,2026-02-06T03:00:06.713210+00:00
2026-02-06,Espero que tu esteja lá,Lil Chainz,YouTube,https://www.youtube.com/watch?v=iFdBiIMdwRU,283394,18476,734,iFdBiIMdwRU,Lil Chainz - Espero que tu esteja lá,Lil Chainz,2026-02-06T03:00:04.094761+00:00
2026-02-06,Nem sei mais amar,Lil Chainz,YouTube Music,https://www.youtube.com/watch?v=j1gywL81Nms,276765,5600,140,j1gywL81Nms,Nem sei mais amar,Lil Chainz - Topic,2026-02-06T03:00:07.393344+00:00
2026-02-06,Inocente,Lil Chainz,YouTube,https://www.youtube.com/watch?v=jHC8EbqAqvo,86992,3024,98,jHC8EbqAqvo,Lil Chainz & Carla Sol - Inocente,Lil Chainz,2026-02-06T02:59:49.050206+00:00
2026-02-06,Olhos de Lua,Lil Chainz,YouTube,https://www.youtube.com/watch?v=jIAZ0QA22fgLil Chainz,119823,7415,260,jIAZ0QA22fg,Lil Chainz - Olhos de Lua,Lil Chainz,2026-02-06T03:00:04.854861+00:00
2026-02-06,Lil Flow Natalino 3,Lil Chainz,YouTube,https://www.youtube.com/watch?v=kTGOMz-Fg0M,186903,11517,869,kTGOMz-Fg0M,"Lil Chainz, Akashi Cruz, SNIF, Fuub, LinoMC & ZackZin - Flow Natalino 3 🎅",Lil Chainz,2026-02-06T02:59:47.654816+00:00
2026-02-06,"Af, tô muito apaixonado",Lil Chainz,YouTube,https://www.youtube.com/watch?v=kXhatIWCSaU,134951,9937,395,kXhatIWCSaU,"Lil Chainz x Sanza - Af, to muito apaixonado",Lil Chainz,2026-02-06T03:00:04.262018+00:00
2026-02-06,Cosplay de Amor da Minha Vida,Lil Chainz,YouTube,https://www.youtube.com/watch?v=kh0jSg0PIi8,2600110,58714,1152,kh0jSg0PIi8,Lil Chainz & VMZ - Cosplay de Amor da Minha Vida,Lil Chainz,2026-02-06T02:59:58.039091+00:00
2026-02-06,Final Cruel,Lil Chainz,YouTube,https://www.youtube.com/watch?v=lEVLUDOQ6ok,78965,3163,124,lEVLUDOQ6ok,Lil Chainz - Final Cruel,Lil Chainz,2026-02-06T02:59:48.530451+00:00
2026-02-06,DEBILOIDE,Lil Chainz,YouTube,https://www.youtube.com/watch?v=nWpIxZqtuFs,918234,19523,341,nWpIxZqtuFs,Lil Chainz & Akashi Cruz - DEBILOIDE,Lil Chainz,2026-02-06T02:59:55.523621+00:00
2026-02-06,Prada,Lil Chainz,YouTube,https://www.youtube.com/watch?v=nlTAOJYdDDc,119201,8135,341,nlTAOJYdDDc,Lil Chainz - Prada (Prod: Misery),Lil Chainz,2026-02-06T03:00:03.568944+00:00
2026-02-06,Trap Story,Lil Chainz,YouTube,https://www.youtube.com/watch?v=o3WklS0PpnM,1076196,61859,1111,o3WklS0PpnM,"Lil Chainz - ""Trap Story"" Feat. X1 (prod: @jeall.exe)",Lil Chainz,2026-02-06T03:00:02.833726+00:00
2026-02-06,Maria Gasolina,Lil Chainz,YouTube,https://www.youtube.com/watch?v=o846krnxGoc,256753,13602,443,o846krnxGoc,Lil Chainz - Maria Gasolina ⛽️,Lil Chainz,2026-02-06T02:59:58.771292+00:00
2026-02-06,Quando você me deixou,Lil Chainz,YouTube Music,https://www.youtube.com/watch?v=o8_WenDcKyc,21614,469,5,o8_WenDcKyc,Quando você me deixou,SNIF - Topic,2026-02-06T03:00:06.871787+00:00
2026-02-06,Meu Corre,Lil Chainz,YouTube,https://www.youtube.com/watch?v=oPPwAG769WE,216102,19164,640,oPPwAG769WE,Lil Chainz x PJ HOUDINI - Meu Corre🏃🏻,Lil Chainz,2026-02-06T02:59:59.975251+00:00
2026-02-06,Dia Z,Lil Chainz,YouTube,https://www.youtube.com/watch?v=oopxlcYC8aA,31533,2091,81,oopxlcYC8aA,Lil Chainz - Dia Z (ft. Akashi Cruz & Oushan) | EP Esperança do Meu Bairro,Lil Chainz,2026-02-06T02:59:50.451099+00:00
2026-02-06,Não escute se estiver com saudades,Lil Chainz,YouTube,https://www.youtube.com/watch?v=pLkM5M3gSxc,206137,17770,720,pLkM5M3gSxc,Lil Chainz - Não escute se estiver com saudades,Lil Chainz,2026-02-06T02:59:59.611980+00:00
2026-02-06,PROJETO X,Lil Chainz,YouTube,https://www.youtube.com/watch?v=pP9_-edC3P0,3663738,64639,1035,pP9_-edC3P0,Lil Chainz & Akashi Cruz - PROJETO X,Lil Chainz,2026-02-06T02:59:57.356327+00:00
2026-02-06,Canção pra ela...,Lil Chainz,YouTube,https://www.youtube.com/watch?v=pffrlweHKVo,363673,18682,628,pffrlweHKVo,Lil chainz - canção pra ela...,Lil Chainz,2026-02-06T03:00:03.041042+00:00
2026-02-06,Promete nunca me deixar?,Lil Chainz,YouTube Music,https://www.youtube.com/watch?v=plgIKQD1tYA,16524,432,11,plgIKQD1tYA,Promete nunca me deixar?,Lil Chainz - Topic,2026-02-06T03:00:08.086162+00:00
2026-02-06,Senpai,Lil Chainz,YouTube,https://www.youtube.com/watch?v=pu8kWICVxlY,418646,17587,499,pu8kWICVxlY,Lil Chainz - Senpai,Lil Chainz,2026-02-06T02:59:57.514098+00:00
2026-02-06,Subestimado,Lil Chainz,YouTube,https://www.youtube.com/watch?v=qT6oAQljJzo,30271,1921,96,qT6oAQljJzo,Lil Chainz - Subestimado | EP Esperança do Meu Bairro,Lil Chainz,2026-02-06T02:59:49.858363+00:00
2026-02-06,Sinto Tanta Falta de Nós,Lil Chainz,YouTube,https://www.youtube.com/watch?v=qVEOBR7wpVY,80477,6800,332,qVEOBR7wpVY,Lil Chainz - Sinto Tanta Falta de Nós,Lil Chainz,2026-02-06T03:00:04.444389+00:00
2026-02-06,Capital Girando,Lil Chainz,YouTube,https://www.youtube.com/watch?v=siqA7wbVGSY,1202639,37303,944,siqA7wbVGSY,Lil Chainz x Mikezin - Capital Girando 💰 (Prod. Jonis),Lil Chainz,2026-02-06T03:00:00.504417+00:00
2026-02-06,É facin fazer trap,Lil Chainz,YouTube,https://www.youtube.com/watch?v=suPue_LSzKQ,1972805,70047,1338,suPue_LSzKQ,Lil Chainz - É facin fazer trap (Prod: @robrxk @enzotg_),Lil Chainz,2026-02-06T03:00:03.198170+00:00
2026-02-06,Quando a sdd apertar,Lil Chainz,YouTube,https://www.youtube.com/watch?v=tziOdVip5Ak,580331,18558,933,tziOdVip5Ak,Lil Chainz - Quando a sdd apertar,Lil Chainz,2026-02-06T02:59:51.739672+00:00
2026-02-06,Levo minha vida nesse corre,Lil Chainz,YouTube,https://www.youtube.com/watch?v=uEgBjiDp3-Q,97118,6712,216,uEgBjiDp3-Q,Lil Chainz - Levo minha vida nesse corre,Lil Chainz,2026-02-06T03:00:02.163218+00:00
2026-02-06,Nunca Chore Por Vadias,Lil Chainz,YouTube,https://www.youtube.com/watch?v=uqJIR4stoKY,224210,11799,342,uqJIR4stoKY,Lil Chainz - Nunca Chore Por Vadias,Lil Chainz,2026-02-06T02:59:56.486883+00:00
2026-02-06,Insegurança,Lil Chainz,YouTube Music,https://www.youtube.com/watch?v=vt71YCUf0A8,34531,1052,36,vt71YCUf0A8,Insegurança,Lil Chainz - Topic,2026-02-06T03:00:08.437372+00:00
2026-02-06,REBOLA BB,Lil Chainz,YouTube,https://www.youtube.com/watch?v=wRd2QF465qY,585513,12325,174,wRd2QF465qY,"Lil Chainz, Akashi Cruz & FUUB - REBOLA BB",Lil Chainz,2026-02-06T02:59:54.974956+00:00
2026-02-06,MULTIPLICA,Lil Chainz,YouTube,https://www.youtube.com/watch?v=x_9nu2FLpNw,207350,7809,326,x_9nu2FLpNw,"Lil Chainz, Akashi Cruz & Ark King - MULTIPLICA [VIDEOCLIPE]",Lil Chainz,2026-02-06T02:59:52.480048+00:00
2026-02-06,Momento,Lil Chainz,YouTube,https://www.youtube.com/watch?v=zlfuUg9fzjo,48272,3104,126,zlfuUg9fzjo,Lil Chainz - Momento,Lil Chainz,2026-02-06T02:59:49.671952+00:00
2026-02-06,PUTARIA E MUITA RIMA,Lil Chainz,YouTube,https://www.youtube.com/watch?v=zpw65uKI1vk,281650,14707,694,zpw65uKI1vk,Lil Chainz - PUTARIA E MUITA RIMA,Lil Chainz,2026-02-06T02:59:56.673762+00:00
2026-02-06,Não Existe Final Feliz,Lil Chainz,YouTube,https://www.youtube.com/watch?v=zsuZ8IfirVY,145365,7858,271,zsuZ8IfirVY,Lil Chainz - Não Existe Final Feliz,Lil Chainz,2026-02-06T03:00:04.687615+00:00
